[
    {
        "$type": "Tfl.Api.Presentation.Entities.Prediction, Tfl.Api.Presentation.Entities",
        "id": "2114001956",
        "operationType": 1,
        "vehicleId": "LJ16EXZ",
        "naptanId": "490013697F",
        "stationName": "Tolworth Broadway",
        "lineId": "265",
        "lineName": "265",
        "platformName": "F",
        "direction": "inbound",
        "bearing": "149",
        "destinationNaptanId": "",
        "destinationName": "Putney Bridge",
        "timestamp": "2017-09-22T11:13:38Z",
        "timeToStation": 1510,
        "currentLocation": "",
        "towards": "Hook, New Malden, Malden Manor or Ewell",
        "expectedArrival": "2017-09-22T11:38:48Z",
        "timeToLive": "2017-09-22T11:39:18Z",
        "modeName": "bus",
        "timing": {
            "$type": "Tfl.Api.Presentation.Entities.PredictionTiming, Tfl.Api.Presentation.Entities",
            "countdownServerAdjustment": "00:00:01.0777246",
            "source": "2017-09-21T17:46:28.647Z",
            "insert": "2017-09-22T11:13:31.877Z",
            "read": "2017-09-22T11:13:31.877Z",
            "sent": "2017-09-22T11:13:38Z",
            "received": "0001-01-01T00:00:00Z"
        }
    },
    {
        "$type": "Tfl.Api.Presentation.Entities.Prediction, Tfl.Api.Presentation.Entities",
        "id": "908453555",
        "operationType": 1,
        "vehicleId": "LJ16EYA",
        "naptanId": "490013697F",
        "stationName": "Tolworth Broadway",
        "lineId": "265",
        "lineName": "265",
        "platformName": "F",
        "direction": "inbound",
        "bearing": "149",
        "destinationNaptanId": "",
        "destinationName": "Putney Bridge",
        "timestamp": "2017-09-22T11:13:38Z",
        "timeToStation": 412,
        "currentLocation": "",
        "towards": "Hook, New Malden, Malden Manor or Ewell",
        "expectedArrival": "2017-09-22T11:20:30Z",
        "timeToLive": "2017-09-22T11:21:00Z",
        "modeName": "bus",
        "timing": {
            "$type": "Tfl.Api.Presentation.Entities.PredictionTiming, Tfl.Api.Presentation.Entities",
            "countdownServerAdjustment": "00:00:00.7303895",
            "source": "2017-09-21T17:46:28.647Z",
            "insert": "2017-09-22T11:12:56.676Z",
            "read": "2017-09-22T11:12:56.676Z",
            "sent": "2017-09-22T11:13:38Z",
            "received": "0001-01-01T00:00:00Z"
        }
    },
    {
        "$type": "Tfl.Api.Presentation.Entities.Prediction, Tfl.Api.Presentation.Entities",
        "id": "-981712614",
        "operationType": 1,
        "vehicleId": "SN51SYS",
        "naptanId": "490013697F",
        "stationName": "Tolworth Broadway",
        "lineId": "281",
        "lineName": "281",
        "platformName": "F",
        "direction": "outbound",
        "bearing": "149",
        "destinationNaptanId": "",
        "destinationName": "Tolworth Broadway",
        "timestamp": "2017-09-22T11:13:38Z",
        "timeToStation": 941,
        "currentLocation": "",
        "towards": "Hook, New Malden, Malden Manor or Ewell",
        "expectedArrival": "2017-09-22T11:29:19Z",
        "timeToLive": "2017-09-22T11:29:49Z",
        "modeName": "bus",
        "timing": {
            "$type": "Tfl.Api.Presentation.Entities.PredictionTiming, Tfl.Api.Presentation.Entities",
            "countdownServerAdjustment": "00:00:01.1748571",
            "source": "2017-09-21T17:46:28.647Z",
            "insert": "2017-09-22T11:13:15.903Z",
            "read": "2017-09-22T11:13:15.903Z",
            "sent": "2017-09-22T11:13:38Z",
            "received": "0001-01-01T00:00:00Z"
        }
    },
    {
        "$type": "Tfl.Api.Presentation.Entities.Prediction, Tfl.Api.Presentation.Entities",
        "id": "1694157351",
        "operationType": 1,
        "vehicleId": "YR59FZG",
        "naptanId": "490013697F",
        "stationName": "Tolworth Broadway",
        "lineId": "281",
        "lineName": "281",
        "platformName": "F",
        "direction": "outbound",
        "bearing": "149",
        "destinationNaptanId": "",
        "destinationName": "Tolworth Broadway",
        "timestamp": "2017-09-22T11:13:38Z",
        "timeToStation": 897,
        "currentLocation": "",
        "towards": "Hook, New Malden, Malden Manor or Ewell",
        "expectedArrival": "2017-09-22T11:28:35Z",
        "timeToLive": "2017-09-22T11:29:05Z",
        "modeName": "bus",
        "timing": {
            "$type": "Tfl.Api.Presentation.Entities.PredictionTiming, Tfl.Api.Presentation.Entities",
            "countdownServerAdjustment": "00:00:01.0883319",
            "source": "2017-09-21T17:46:28.647Z",
            "insert": "2017-09-22T11:12:51.832Z",
            "read": "2017-09-22T11:12:51.832Z",
            "sent": "2017-09-22T11:13:38Z",
            "received": "0001-01-01T00:00:00Z"
        }
    },
    {
        "$type": "Tfl.Api.Presentation.Entities.Prediction, Tfl.Api.Presentation.Entities",
        "id": "-579902043",
        "operationType": 1,
        "vehicleId": "YT09BJX",
        "naptanId": "490013697F",
        "stationName": "Tolworth Broadway",
        "lineId": "281",
        "lineName": "281",
        "platformName": "F",
        "direction": "outbound",
        "bearing": "149",
        "destinationNaptanId": "",
        "destinationName": "Tolworth Broadway",
        "timestamp": "2017-09-22T11:13:38Z",
        "timeToStation": 1393,
        "currentLocation": "",
        "towards": "Hook, New Malden, Malden Manor or Ewell",
        "expectedArrival": "2017-09-22T11:36:51Z",
        "timeToLive": "2017-09-22T11:37:21Z",
        "modeName": "bus",
        "timing": {
            "$type": "Tfl.Api.Presentation.Entities.PredictionTiming, Tfl.Api.Presentation.Entities",
            "countdownServerAdjustment": "00:00:00.0725654",
            "source": "2017-09-21T17:46:28.647Z",
            "insert": "2017-09-22T11:12:51.832Z",
            "read": "2017-09-22T11:12:51.832Z",
            "sent": "2017-09-22T11:13:38Z",
            "received": "0001-01-01T00:00:00Z"
        }
    },
    {
        "$type": "Tfl.Api.Presentation.Entities.Prediction, Tfl.Api.Presentation.Entities",
        "id": "1256761762",
        "operationType": 1,
        "vehicleId": "YT59SFU",
        "naptanId": "490013697F",
        "stationName": "Tolworth Broadway",
        "lineId": "281",
        "lineName": "281",
        "platformName": "F",
        "direction": "outbound",
        "bearing": "149",
        "destinationNaptanId": "",
        "destinationName": "Tolworth Broadway",
        "timestamp": "2017-09-22T11:13:38Z",
        "timeToStation": 376,
        "currentLocation": "",
        "towards": "Hook, New Malden, Malden Manor or Ewell",
        "expectedArrival": "2017-09-22T11:19:54Z",
        "timeToLive": "2017-09-22T11:20:24Z",
        "modeName": "bus",
        "timing": {
            "$type": "Tfl.Api.Presentation.Entities.PredictionTiming, Tfl.Api.Presentation.Entities",
            "countdownServerAdjustment": "00:00:01.0941962",
            "source": "2017-09-21T17:46:28.647Z",
            "insert": "2017-09-22T11:12:41.817Z",
            "read": "2017-09-22T11:12:41.817Z",
            "sent": "2017-09-22T11:13:38Z",
            "received": "0001-01-01T00:00:00Z"
        }
    },
    {
        "$type": "Tfl.Api.Presentation.Entities.Prediction, Tfl.Api.Presentation.Entities",
        "id": "-402156293",
        "operationType": 1,
        "vehicleId": "SK07DZA",
        "naptanId": "490013697F",
        "stationName": "Tolworth Broadway",
        "lineId": "406",
        "lineName": "406",
        "platformName": "F",
        "direction": "outbound",
        "bearing": "149",
        "destinationNaptanId": "",
        "destinationName": "Epsom",
        "timestamp": "2017-09-22T11:13:38Z",
        "timeToStation": 1252,
        "currentLocation": "",
        "towards": "Hook, New Malden, Malden Manor or Ewell",
        "expectedArrival": "2017-09-22T11:34:30Z",
        "timeToLive": "2017-09-22T11:35:00Z",
        "modeName": "bus",
        "timing": {
            "$type": "Tfl.Api.Presentation.Entities.PredictionTiming, Tfl.Api.Presentation.Entities",
            "countdownServerAdjustment": "00:00:00.7407203",
            "source": "2017-09-21T17:46:28.647Z",
            "insert": "2017-09-22T11:13:21.419Z",
            "read": "2017-09-22T11:13:21.419Z",
            "sent": "2017-09-22T11:13:38Z",
            "received": "0001-01-01T00:00:00Z"
        }
    },
    {
        "$type": "Tfl.Api.Presentation.Entities.Prediction, Tfl.Api.Presentation.Entities",
        "id": "153066508",
        "operationType": 1,
        "vehicleId": "SL14LNG",
        "naptanId": "490013697F",
        "stationName": "Tolworth Broadway",
        "lineId": "406",
        "lineName": "406",
        "platformName": "F",
        "direction": "outbound",
        "bearing": "149",
        "destinationNaptanId": "",
        "destinationName": "Epsom",
        "timestamp": "2017-09-22T11:13:38Z",
        "timeToStation": 26,
        "currentLocation": "",
        "towards": "Hook, New Malden, Malden Manor or Ewell",
        "expectedArrival": "2017-09-22T11:14:04Z",
        "timeToLive": "2017-09-22T11:14:34Z",
        "modeName": "bus",
        "timing": {
            "$type": "Tfl.Api.Presentation.Entities.PredictionTiming, Tfl.Api.Presentation.Entities",
            "countdownServerAdjustment": "00:00:01.0998095",
            "source": "2017-09-21T17:46:28.647Z",
            "insert": "2017-09-22T11:12:02.4Z",
            "read": "2017-09-22T11:12:02.4Z",
            "sent": "2017-09-22T11:13:38Z",
            "received": "0001-01-01T00:00:00Z"
        }
    },
    {
        "$type": "Tfl.Api.Presentation.Entities.Prediction, Tfl.Api.Presentation.Entities",
        "id": "-378001596",
        "operationType": 1,
        "vehicleId": "SL14LNE",
        "naptanId": "490013697F",
        "stationName": "Tolworth Broadway",
        "lineId": "418",
        "lineName": "418",
        "platformName": "F",
        "direction": "outbound",
        "bearing": "149",
        "destinationNaptanId": "",
        "destinationName": "Epsom",
        "timestamp": "2017-09-22T11:13:38Z",
        "timeToStation": 677,
        "currentLocation": "",
        "towards": "Hook, New Malden, Malden Manor or Ewell",
        "expectedArrival": "2017-09-22T11:24:55Z",
        "timeToLive": "2017-09-22T11:25:25Z",
        "modeName": "bus",
        "timing": {
            "$type": "Tfl.Api.Presentation.Entities.PredictionTiming, Tfl.Api.Presentation.Entities",
            "countdownServerAdjustment": "00:00:01.0833051",
            "source": "2017-09-21T17:46:28.647Z",
            "insert": "2017-09-22T11:13:11.403Z",
            "read": "2017-09-22T11:13:11.403Z",
            "sent": "2017-09-22T11:13:38Z",
            "received": "0001-01-01T00:00:00Z"
        }
    },
    {
        "$type": "Tfl.Api.Presentation.Entities.Prediction, Tfl.Api.Presentation.Entities",
        "id": "828333880",
        "operationType": 1,
        "vehicleId": "YX12FNU",
        "naptanId": "490013697F",
        "stationName": "Tolworth Broadway",
        "lineId": "418",
        "lineName": "418",
        "platformName": "F",
        "direction": "outbound",
        "bearing": "149",
        "destinationNaptanId": "",
        "destinationName": "Epsom",
        "timestamp": "2017-09-22T11:13:38Z",
        "timeToStation": 990,
        "currentLocation": "",
        "towards": "Hook, New Malden, Malden Manor or Ewell",
        "expectedArrival": "2017-09-22T11:30:08Z",
        "timeToLive": "2017-09-22T11:30:38Z",
        "modeName": "bus",
        "timing": {
            "$type": "Tfl.Api.Presentation.Entities.PredictionTiming, Tfl.Api.Presentation.Entities",
            "countdownServerAdjustment": "00:00:01.0708851",
            "source": "2017-09-21T17:46:28.647Z",
            "insert": "2017-09-22T11:13:11.403Z",
            "read": "2017-09-22T11:13:11.403Z",
            "sent": "2017-09-22T11:13:38Z",
            "received": "0001-01-01T00:00:00Z"
        }
    },
    {
        "$type": "Tfl.Api.Presentation.Entities.Prediction, Tfl.Api.Presentation.Entities",
        "id": "-353823136",
        "operationType": 1,
        "vehicleId": "BU05HFX",
        "naptanId": "490013697F",
        "stationName": "Tolworth Broadway",
        "lineId": "k1",
        "lineName": "K1",
        "platformName": "F",
        "direction": "inbound",
        "bearing": "149",
        "destinationNaptanId": "",
        "destinationName": "New Malden",
        "timestamp": "2017-09-22T11:13:38Z",
        "timeToStation": 1144,
        "currentLocation": "",
        "towards": "Hook, New Malden, Malden Manor or Ewell",
        "expectedArrival": "2017-09-22T11:32:42Z",
        "timeToLive": "2017-09-22T11:33:12Z",
        "modeName": "bus",
        "timing": {
            "$type": "Tfl.Api.Presentation.Entities.PredictionTiming, Tfl.Api.Presentation.Entities",
            "countdownServerAdjustment": "00:00:00.7367152",
            "source": "2017-09-21T17:46:28.647Z",
            "insert": "2017-09-22T11:12:51.832Z",
            "read": "2017-09-22T11:12:51.832Z",
            "sent": "2017-09-22T11:13:38Z",
            "received": "0001-01-01T00:00:00Z"
        }
    },
    {
        "$type": "Tfl.Api.Presentation.Entities.Prediction, Tfl.Api.Presentation.Entities",
        "id": "1212103476",
        "operationType": 1,
        "vehicleId": "YX13EHG",
        "naptanId": "490013697F",
        "stationName": "Tolworth Broadway",
        "lineId": "k1",
        "lineName": "K1",
        "platformName": "F",
        "direction": "inbound",
        "bearing": "149",
        "destinationNaptanId": "",
        "destinationName": "New Malden",
        "timestamp": "2017-09-22T11:13:38Z",
        "timeToStation": 427,
        "currentLocation": "",
        "towards": "Hook, New Malden, Malden Manor or Ewell",
        "expectedArrival": "2017-09-22T11:20:45Z",
        "timeToLive": "2017-09-22T11:21:15Z",
        "modeName": "bus",
        "timing": {
            "$type": "Tfl.Api.Presentation.Entities.PredictionTiming, Tfl.Api.Presentation.Entities",
            "countdownServerAdjustment": "00:00:01.0985704",
            "source": "2017-09-21T17:46:28.647Z",
            "insert": "2017-09-22T11:12:41.817Z",
            "read": "2017-09-22T11:12:41.817Z",
            "sent": "2017-09-22T11:13:38Z",
            "received": "0001-01-01T00:00:00Z"
        }
    },
    {
        "$type": "Tfl.Api.Presentation.Entities.Prediction, Tfl.Api.Presentation.Entities",
        "id": "-2026964372",
        "operationType": 1,
        "vehicleId": "LJ16EXP",
        "naptanId": "490013697F",
        "stationName": "Tolworth Broadway",
        "lineId": "k2",
        "lineName": "K2",
        "platformName": "F",
        "direction": "outbound",
        "bearing": "149",
        "destinationNaptanId": "",
        "destinationName": "Hook",
        "timestamp": "2017-09-22T11:13:38Z",
        "timeToStation": 777,
        "currentLocation": "",
        "towards": "Hook, New Malden, Malden Manor or Ewell",
        "expectedArrival": "2017-09-22T11:26:35Z",
        "timeToLive": "2017-09-22T11:27:05Z",
        "modeName": "bus",
        "timing": {
            "$type": "Tfl.Api.Presentation.Entities.PredictionTiming, Tfl.Api.Presentation.Entities",
            "countdownServerAdjustment": "00:00:01.0777246",
            "source": "2017-09-21T17:46:28.647Z",
            "insert": "2017-09-22T11:13:31.877Z",
            "read": "2017-09-22T11:13:31.877Z",
            "sent": "2017-09-22T11:13:38Z",
            "received": "0001-01-01T00:00:00Z"
        }
    },
    {
        "$type": "Tfl.Api.Presentation.Entities.Prediction, Tfl.Api.Presentation.Entities",
        "id": "-362144108",
        "operationType": 1,
        "vehicleId": "LJ16EXX",
        "naptanId": "490013697F",
        "stationName": "Tolworth Broadway",
        "lineId": "k2",
        "lineName": "K2",
        "platformName": "F",
        "direction": "outbound",
        "bearing": "149",
        "destinationNaptanId": "",
        "destinationName": "Hook",
        "timestamp": "2017-09-22T11:13:38Z",
        "timeToStation": 1125,
        "currentLocation": "",
        "towards": "Hook, New Malden, Malden Manor or Ewell",
        "expectedArrival": "2017-09-22T11:32:23Z",
        "timeToLive": "2017-09-22T11:32:53Z",
        "modeName": "bus",
        "timing": {
            "$type": "Tfl.Api.Presentation.Entities.PredictionTiming, Tfl.Api.Presentation.Entities",
            "countdownServerAdjustment": "00:00:01.1889932",
            "source": "2017-09-21T17:46:28.647Z",
            "insert": "2017-09-22T11:13:21.419Z",
            "read": "2017-09-22T11:13:21.419Z",
            "sent": "2017-09-22T11:13:38Z",
            "received": "0001-01-01T00:00:00Z"
        }
    },
    {
        "$type": "Tfl.Api.Presentation.Entities.Prediction, Tfl.Api.Presentation.Entities",
        "id": "-818167836",
        "operationType": 1,
        "vehicleId": "SK07DXO",
        "naptanId": "490013697F",
        "stationName": "Tolworth Broadway",
        "lineId": "k2",
        "lineName": "K2",
        "platformName": "F",
        "direction": "outbound",
        "bearing": "149",
        "destinationNaptanId": "",
        "destinationName": "Hook",
        "timestamp": "2017-09-22T11:13:38Z",
        "timeToStation": 58,
        "currentLocation": "",
        "towards": "Hook, New Malden, Malden Manor or Ewell",
        "expectedArrival": "2017-09-22T11:14:36Z",
        "timeToLive": "2017-09-22T11:15:06Z",
        "modeName": "bus",
        "timing": {
            "$type": "Tfl.Api.Presentation.Entities.PredictionTiming, Tfl.Api.Presentation.Entities",
            "countdownServerAdjustment": "00:00:00.7319474",
            "source": "2017-09-21T17:46:28.647Z",
            "insert": "2017-09-22T11:13:36.502Z",
            "read": "2017-09-22T11:13:36.502Z",
            "sent": "2017-09-22T11:13:38Z",
            "received": "0001-01-01T00:00:00Z"
        }
    },
    {
        "$type": "Tfl.Api.Presentation.Entities.Prediction, Tfl.Api.Presentation.Entities",
        "id": "-275216763",
        "operationType": 1,
        "vehicleId": "SN55HLC",
        "naptanId": "490013697F",
        "stationName": "Tolworth Broadway",
        "lineId": "k2",
        "lineName": "K2",
        "platformName": "F",
        "direction": "outbound",
        "bearing": "149",
        "destinationNaptanId": "",
        "destinationName": "Hook",
        "timestamp": "2017-09-22T11:13:38Z",
        "timeToStation": 1660,
        "currentLocation": "",
        "towards": "Hook, New Malden, Malden Manor or Ewell",
        "expectedArrival": "2017-09-22T11:41:18Z",
        "timeToLive": "2017-09-22T11:41:48Z",
        "modeName": "bus",
        "timing": {
            "$type": "Tfl.Api.Presentation.Entities.PredictionTiming, Tfl.Api.Presentation.Entities",
            "countdownServerAdjustment": "00:00:01.0941962",
            "source": "2017-09-21T17:46:28.647Z",
            "insert": "2017-09-22T11:13:01.388Z",
            "read": "2017-09-22T11:13:01.388Z",
            "sent": "2017-09-22T11:13:38Z",
            "received": "0001-01-01T00:00:00Z"
        }
    }
]
